length of strings, compression ratio of s1, compression ratio of s2, joint compression,Mutual compression ratio, s1, s2 
10,1.7,1.7,1.65,-0.3999999999999999,0001110001,1101110011
19,1.736842105263158,1.736842105263158,1.6842105263157894,0.9473684210526319,0001110001110110000,1101110011100001101
28,1.75,1.6071428571428572,1.6785714285714286,0.25,0001110001110110000010011001,1101110011100001101101101011
37,1.5945945945945945,1.5945945945945945,1.5405405405405406,0.08108108108108114,0001110001110110000010011001000110110,1101110011100001101101101011111010111
46,1.7173913043478262,1.5,1.5326086956521738,0.23913043478260887,0001110001110110000010011001000110110001010101,1101110011100001101101101011111010111011101100
55,1.6181818181818182,1.5272727272727273,1.5545454545454545,0.10909090909090935,0001110001110110000010011001000110110001010101111000011,1101110011100001101101101011111010111011101100011011100
64,1.546875,1.46875,1.5234375,0.15625,0001110001110110000010011001000110110001010101111000011000010010,1101110011100001101101101011111010111011101100011011100010110110
73,1.5616438356164384,1.4931506849315068,1.5,0.054794520547945424,0001110001110110000010011001000110110001010101111000011000010010000010101,1101110011100001101101101011111010111011101100011011100010110110000011000
82,1.5121951219512195,1.451219512195122,1.4817073170731707,0.024390243902439046,0001110001110110000010011001000110110001010101111000011000010010000010101000011111,1101110011100001101101101011111010111011101100011011100010110110000011000101101001
91,1.4725274725274726,1.4725274725274726,1.434065934065934,-0.0219780219780219,0001110001110110000010011001000110110001010101111000011000010010000010101000011111100111001,1101110011100001101101101011111010111011101100011011100010110110000011000101101001000001111
100,1.47,1.47,1.455,0.0,0001110001110110000010011001000110110001010101111000011000010010000010101000011111100111001000100001,1101110011100001101101101011111010111011101100011011100010110110000011000101101001000001111101110011
109,1.4587155963302751,1.5137614678899083,1.444954128440367,0.05504587155963314,0001110001110110000010011001000110110001010101111000011000010010000010101000011111100111001000100001100110011,1101110011100001101101101011111010111011101100011011100010110110000011000101101001000001111101110011111110011
118,1.4491525423728813,1.5,1.4194915254237288,0.05932203389830537,0001110001110110000010011001000110110001010101111000011000010010000010101000011111100111001000100001100110011011111010,1101110011100001101101101011111010111011101100011011100010110110000011000101101001000001111101110011111110011100101010
127,1.4409448818897639,1.5354330708661417,1.4291338582677164,0.1968503937007875,0001110001110110000010011001000110110001010101111000011000010010000010101000011111100111001000100001100110011011111010001111001,1101110011100001101101101011111010111011101100011011100010110110000011000101101001000001111101110011111110011100101010001110001
136,1.4779411764705883,1.5220588235294117,1.4375,0.2647058823529411,0001110001110110000010011001000110110001010101111000011000010010000010101000011111100111001000100001100110011011111010001111001111111101,1101110011100001101101101011111010111011101100011011100010110110000011000101101001000001111101110011111110011100101010001110001000000100
145,1.4689655172413794,1.5103448275862068,1.4448275862068964,0.193103448275862,0001110001110110000010011001000110110001010101111000011000010010000010101000011111100111001000100001100110011011111010001111001111111101010100001,1101110011100001101101101011111010111011101100011011100010110110000011000101101001000001111101110011111110011100101010001110001000000100101110010
154,1.4610389610389611,1.5389610389610389,1.4285714285714286,0.3896103896103895,0001110001110110000010011001000110110001010101111000011000010010000010101000011111100111001000100001100110011011111010001111001111111101010100001011101110,1101110011100001101101101011111010111011101100011011100010110110000011000101101001000001111101110011111110011100101010001110001000000100101110010010100100
163,1.4539877300613497,1.5276073619631902,1.4355828220858895,0.3190184049079754,0001110001110110000010011001000110110001010101111000011000010010000010101000011111100111001000100001100110011011111010001111001111111101010100001011101110010011100,1101110011100001101101101011111010111011101100011011100010110110000011000101101001000001111101110011111110011100101010001110001000000100101110010010100100011001001
172,1.4825581395348837,1.5174418604651163,1.4215116279069768,0.36627906976744207,0001110001110110000010011001000110110001010101111000011000010010000010101000011111100111001000100001100110011011111010001111001111111101010100001011101110010011100100011100,1101110011100001101101101011111010111011101100011011100010110110000011000101101001000001111101110011111110011100101010001110001000000100101110010010100100011001001110010111
181,1.4751381215469612,1.5082872928176796,1.408839779005525,0.3038674033149169,0001110001110110000010011001000110110001010101111000011000010010000010101000011111100111001000100001100110011011111010001111001111111101010100001011101110010011100100011100011101000,1101110011100001101101101011111010111011101100011011100010110110000011000101101001000001111101110011111110011100101010001110001000000100101110010010100100011001001110010111111101110
190,1.4684210526315788,1.5,1.4157894736842105,0.21052631578947345,0001110001110110000010011001000110110001010101111000011000010010000010101000011111100111001000100001100110011011111010001111001111111101010100001011101110010011100100011100011101000001111111,1101110011100001101101101011111010111011101100011011100010110110000011000101101001000001111101110011111110011100101010001110001000000100101110010010100100011001001110010111111101110110100110
199,1.4623115577889447,1.4924623115577889,1.4045226130653266,0.266331658291457,0001110001110110000010011001000110110001010101111000011000010010000010101000011111100111001000100001100110011011111010001111001111111101010100001011101110010011100100011100011101000001111111110101001,1101110011100001101101101011111010111011101100011011100010110110000011000101101001000001111101110011111110011100101010001110001000000100101110010010100100011001001110010111111101110110100110100000101
208,1.4567307692307692,1.4855769230769231,1.3774038461538463,0.25,0001110001110110000010011001000110110001010101111000011000010010000010101000011111100111001000100001100110011011111010001111001111111101010100001011101110010011100100011100011101000001111111110101001110011100,1101110011100001101101101011111010111011101100011011100010110110000011000101101001000001111101110011111110011100101010001110001000000100101110010010100100011001001110010111111101110110100110100000101111011100
217,1.4516129032258065,1.4792626728110598,1.3847926267281105,0.17050691244239635,0001110001110110000010011001000110110001010101111000011000010010000010101000011111100111001000100001100110011011111010001111001111111101010100001011101110010011100100011100011101000001111111110101001110011100110001000,1101110011100001101101101011111010111011101100011011100010110110000011000101101001000001111101110011111110011100101010001110001000000100101110010010100100011001001110010111111101110110100110100000101111011100010110110
226,1.4469026548672566,1.4823008849557522,1.3915929203539823,0.20353982300884965,0001110001110110000010011001000110110001010101111000011000010010000010101000011111100111001000100001100110011011111010001111001111111101010100001011101110010011100100011100011101000001111111110101001110011100110001000111101100,1101110011100001101101101011111010111011101100011011100010110110000011000101101001000001111101110011111110011100101010001110001000000100101110010010100100011001001110010111111101110110100110100000101111011100010110110011101000
235,1.4553191489361703,1.4553191489361703,1.4127659574468086,0.2297872340425533,0001110001110110000010011001000110110001010101111000011000010010000010101000011111100111001000100001100110011011111010001111001111111101010100001011101110010011100100011100011101000001111111110101001110011100110001000111101100101111011,1101110011100001101101101011111010111011101100011011100010110110000011000101101001000001111101110011111110011100101010001110001000000100101110010010100100011001001110010111111101110110100110100000101111011100010110110011101000010100100
244,1.430327868852459,1.459016393442623,1.389344262295082,0.25,0001110001110110000010011001000110110001010101111000011000010010000010101000011111100111001000100001100110011011111010001111001111111101010100001011101110010011100100011100011101000001111111110101001110011100110001000111101100101111011111011001,1101110011100001101101101011111010111011101100011011100010110110000011000101101001000001111101110011111110011100101010001110001000000100101110010010100100011001001110010111111101110110100110100000101111011100010110110011101000010100100111101101
253,1.434782608695652,1.4624505928853755,1.3814229249011858,0.24110671936758843,0001110001110110000010011001000110110001010101111000011000010010000010101000011111100111001000100001100110011011111010001111001111111101010100001011101110010011100100011100011101000001111111110101001110011100110001000111101100101111011111011001000111110,1101110011100001101101101011111010111011101100011011100010110110000011000101101001000001111101110011111110011100101010001110001000000100101110010010100100011001001110010111111101110110100110100000101111011100010110110011101000010100100111101101010110001
262,1.4389312977099236,1.465648854961832,1.3740458015267176,0.28625954198473247,0001110001110110000010011001000110110001010101111000011000010010000010101000011111100111001000100001100110011011111010001111001111111101010100001011101110010011100100011100011101000001111111110101001110011100110001000111101100101111011111011001000111110110010101,1101110011100001101101101011111010111011101100011011100010110110000011000101101001000001111101110011111110011100101010001110001000000100101110010010100100011001001110010111111101110110100110100000101111011100010110110011101000010100100111101101010110001010100000
271,1.4169741697416973,1.4686346863468636,1.3800738007380073,0.22509225092250906,0001110001110110000010011001000110110001010101111000011000010010000010101000011111100111001000100001100110011011111010001111001111111101010100001011101110010011100100011100011101000001111111110101001110011100110001000111101100101111011111011001000111110110010101100001101,1101110011100001101101101011111010111011101100011011100010110110000011000101101001000001111101110011111110011100101010001110001000000100101110010010100100011001001110010111111101110110100110100000101111011100010110110011101000010100100111101101010110001010100000011110111
280,1.4214285714285715,1.4714285714285715,1.3732142857142857,0.31785714285714306,0001110001110110000010011001000110110001010101111000011000010010000010101000011111100111001000100001100110011011111010001111001111111101010100001011101110010011100100011100011101000001111111110101001110011100110001000111101100101111011111011001000111110110010101100001101101111001,1101110011100001101101101011111010111011101100011011100010110110000011000101101001000001111101110011111110011100101010001110001000000100101110010010100100011001001110010111111101110110100110100000101111011100010110110011101000010100100111101101010110001010100000011110111011001110
289,1.4498269896193772,1.4740484429065743,1.3719723183391004,0.28373702422145364,0001110001110110000010011001000110110001010101111000011000010010000010101000011111100111001000100001100110011011111010001111001111111101010100001011101110010011100100011100011101000001111111110101001110011100110001000111101100101111011111011001000111110110010101100001101101111001111011000,1101110011100001101101101011111010111011101100011011100010110110000011000101101001000001111101110011111110011100101010001110001000000100101110010010100100011001001110010111111101110110100110100000101111011100010110110011101000010100100111101101010110001010100000011110111011001110001111001
298,1.429530201342282,1.476510067114094,1.3708053691275168,0.3087248322147653,0001110001110110000010011001000110110001010101111000011000010010000010101000011111100111001000100001100110011011111010001111001111111101010100001011101110010011100100011100011101000001111111110101001110011100110001000111101100101111011111011001000111110110010101100001101101111001111011000010001110,1101110011100001101101101011111010111011101100011011100010110110000011000101101001000001111101110011111110011100101010001110001000000100101110010010100100011001001110010111111101110110100110100000101111011100010110110011101000010100100111101101010110001010100000011110111011001110001111001110001001
307,1.4332247557003257,1.4560260586319218,1.3697068403908794,0.28013029315960924,0001110001110110000010011001000110110001010101111000011000010010000010101000011111100111001000100001100110011011111010001111001111111101010100001011101110010011100100011100011101000001111111110101001110011100110001000111101100101111011111011001000111110110010101100001101101111001111011000010001110111011111,1101110011100001101101101011111010111011101100011011100010110110000011000101101001000001111101110011111110011100101010001110001000000100101110010010100100011001001110010111111101110110100110100000101111011100010110110011101000010100100111101101010110001010100000011110111011001110001111001110001001011110010
316,1.4367088607594938,1.4588607594936709,1.3686708860759493,0.29746835443037956,0001110001110110000010011001000110110001010101111000011000010010000010101000011111100111001000100001100110011011111010001111001111111101010100001011101110010011100100011100011101000001111111110101001110011100110001000111101100101111011111011001000111110110010101100001101101111001111011000010001110111011111001100011,1101110011100001101101101011111010111011101100011011100010110110000011000101101001000001111101110011111110011100101010001110001000000100101110010010100100011001001110010111111101110110100110100000101111011100010110110011101000010100100111101101010110001010100000011110111011001110001111001110001001011110010110100111
325,1.4184615384615384,1.4615384615384615,1.3676923076923078,0.29538461538461513,0001110001110110000010011001000110110001010101111000011000010010000010101000011111100111001000100001100110011011111010001111001111111101010100001011101110010011100100011100011101000001111111110101001110011100110001000111101100101111011111011001000111110110010101100001101101111001111011000010001110111011111001100011000101010,1101110011100001101101101011111010111011101100011011100010110110000011000101101001000001111101110011111110011100101010001110001000000100101110010010100100011001001110010111111101110110100110100000101111011100010110110011101000010100100111101101010110001010100000011110111011001110001111001110001001011110010110100111000011001
334,1.4221556886227544,1.4431137724550898,1.3667664670658684,0.26946107784431117,0001110001110110000010011001000110110001010101111000011000010010000010101000011111100111001000100001100110011011111010001111001111111101010100001011101110010011100100011100011101000001111111110101001110011100110001000111101100101111011111011001000111110110010101100001101101111001111011000010001110111011111001100011000101010000101110,1101110011100001101101101011111010111011101100011011100010110110000011000101101001000001111101110011111110011100101010001110001000000100101110010010100100011001001110010111111101110110100110100000101111011100010110110011101000010100100111101101010110001010100000011110111011001110001111001110001001011110010110100111000011001011001110
343,1.4256559766763848,1.446064139941691,1.3658892128279883,0.3090379008746358,0001110001110110000010011001000110110001010101111000011000010010000010101000011111100111001000100001100110011011111010001111001111111101010100001011101110010011100100011100011101000001111111110101001110011100110001000111101100101111011111011001000111110110010101100001101101111001111011000010001110111011111001100011000101010000101110111000111,1101110011100001101101101011111010111011101100011011100010110110000011000101101001000001111101110011111110011100101010001110001000000100101110010010100100011001001110010111111101110110100110100000101111011100010110110011101000010100100111101101010110001010100000011110111011001110001111001110001001011110010110100111000011001011001110100111101
352,1.4289772727272727,1.4488636363636365,1.3536931818181819,0.27840909090909083,0001110001110110000010011001000110110001010101111000011000010010000010101000011111100111001000100001100110011011111010001111001111111101010100001011101110010011100100011100011101000001111111110101001110011100110001000111101100101111011111011001000111110110010101100001101101111001111011000010001110111011111001100011000101010000101110111000111000100010,1101110011100001101101101011111010111011101100011011100010110110000011000101101001000001111101110011111110011100101010001110001000000100101110010010100100011001001110010111111101110110100110100000101111011100010110110011101000010100100111101101010110001010100000011110111011001110001111001110001001011110010110100111000011001011001110100111101111011000
361,1.4127423822714682,1.4321329639889198,1.353185595567867,0.2603878116343492,0001110001110110000010011001000110110001010101111000011000010010000010101000011111100111001000100001100110011011111010001111001111111101010100001011101110010011100100011100011101000001111111110101001110011100110001000111101100101111011111011001000111110110010101100001101101111001111011000010001110111011111001100011000101010000101110111000111000100010010111101,1101110011100001101101101011111010111011101100011011100010110110000011000101101001000001111101110011111110011100101010001110001000000100101110010010100100011001001110010111111101110110100110100000101111011100010110110011101000010100100111101101010110001010100000011110111011001110001111001110001001011110010110100111000011001011001110100111101111011000010110101
370,1.4162162162162162,1.4351351351351351,1.3418918918918918,0.2540540540540541,0001110001110110000010011001000110110001010101111000011000010010000010101000011111100111001000100001100110011011111010001111001111111101010100001011101110010011100100011100011101000001111111110101001110011100110001000111101100101111011111011001000111110110010101100001101101111001111011000010001110111011111001100011000101010000101110111000111000100010010111101001000100,1101110011100001101101101011111010111011101100011011100010110110000011000101101001000001111101110011111110011100101010001110001000000100101110010010100100011001001110010111111101110110100110100000101111011100010110110011101000010100100111101101010110001010100000011110111011001110001111001110001001011110010110100111000011001011001110100111101111011000010110101000001110
379,1.4010554089709764,1.437994722955145,1.341688654353562,0.2532981530343008,0001110001110110000010011001000110110001010101111000011000010010000010101000011111100111001000100001100110011011111010001111001111111101010100001011101110010011100100011100011101000001111111110101001110011100110001000111101100101111011111011001000111110110010101100001101101111001111011000010001110111011111001100011000101010000101110111000111000100010010111101001000100101111111,1101110011100001101101101011111010111011101100011011100010110110000011000101101001000001111101110011111110011100101010001110001000000100101110010010100100011001001110010111111101110110100110100000101111011100010110110011101000010100100111101101010110001010100000011110111011001110001111001110001001011110010110100111000011001011001110100111101111011000010110101000001110010001001
388,1.4046391752577319,1.440721649484536,1.3414948453608246,0.206185567010309,0001110001110110000010011001000110110001010101111000011000010010000010101000011111100111001000100001100110011011111010001111001111111101010100001011101110010011100100011100011101000001111111110101001110011100110001000111101100101111011111011001000111110110010101100001101101111001111011000010001110111011111001100011000101010000101110111000111000100010010111101001000100101111111001100000,1101110011100001101101101011111010111011101100011011100010110110000011000101101001000001111101110011111110011100101010001110001000000100101110010010100100011001001110010111111101110110100110100000101111011100010110110011101000010100100111101101010110001010100000011110111011001110001111001110001001011110010110100111000011001011001110100111101111011000010110101000001110010001001010101010
397,1.4080604534005037,1.4256926952141058,1.3413098236775818,0.1863979848866495,0001110001110110000010011001000110110001010101111000011000010010000010101000011111100111001000100001100110011011111010001111001111111101010100001011101110010011100100011100011101000001111111110101001110011100110001000111101100101111011111011001000111110110010101100001101101111001111011000010001110111011111001100011000101010000101110111000111000100010010111101001000100101111111001100000110000011,1101110011100001101101101011111010111011101100011011100010110110000011000101101001000001111101110011111110011100101010001110001000000100101110010010100100011001001110010111111101110110100110100000101111011100010110110011101000010100100111101101010110001010100000011110111011001110001111001110001001011110010110100111000011001011001110100111101111011000010110101000001110010001001010101010011110101
406,1.4113300492610839,1.4285714285714286,1.3411330049261083,0.24137931034482785,0001110001110110000010011001000110110001010101111000011000010010000010101000011111100111001000100001100110011011111010001111001111111101010100001011101110010011100100011100011101000001111111110101001110011100110001000111101100101111011111011001000111110110010101100001101101111001111011000010001110111011111001100011000101010000101110111000111000100010010111101001000100101111111001100000110000011110100100,1101110011100001101101101011111010111011101100011011100010110110000011000101101001000001111101110011111110011100101010001110001000000100101110010010100100011001001110010111111101110110100110100000101111011100010110110011101000010100100111101101010110001010100000011110111011001110001111001110001001011110010110100111000011001011001110100111101111011000010110101000001110010001001010101010011110101010011011
415,1.3975903614457832,1.4313253012048193,1.3506024096385543,0.24096385542168663,0001110001110110000010011001000110110001010101111000011000010010000010101000011111100111001000100001100110011011111010001111001111111101010100001011101110010011100100011100011101000001111111110101001110011100110001000111101100101111011111011001000111110110010101100001101101111001111011000010001110111011111001100011000101010000101110111000111000100010010111101001000100101111111001100000110000011110100100000000101,1101110011100001101101101011111010111011101100011011100010110110000011000101101001000001111101110011111110011100101010001110001000000100101110010010100100011001001110010111111101110110100110100000101111011100010110110011101000010100100111101101010110001010100000011110111011001110001111001110001001011110010110100111000011001011001110100111101111011000010110101000001110010001001010101010011110101010011011001111110
424,1.400943396226415,1.4174528301886793,1.3313679245283019,0.2216981132075473,0001110001110110000010011001000110110001010101111000011000010010000010101000011111100111001000100001100110011011111010001111001111111101010100001011101110010011100100011100011101000001111111110101001110011100110001000111101100101111011111011001000111110110010101100001101101111001111011000010001110111011111001100011000101010000101110111000111000100010010111101001000100101111111001100000110000011110100100000000101110110011,1101110011100001101101101011111010111011101100011011100010110110000011000101101001000001111101110011111110011100101010001110001000000100101110010010100100011001001110010111111101110110100110100000101111011100010110110011101000010100100111101101010110001010100000011110111011001110001111001110001001011110010110100111000011001011001110100111101111011000010110101000001110010001001010101010011110101010011011001111110111010100
433,1.3879907621247114,1.420323325635104,1.3314087759815243,0.2217090069284069,0001110001110110000010011001000110110001010101111000011000010010000010101000011111100111001000100001100110011011111010001111001111111101010100001011101110010011100100011100011101000001111111110101001110011100110001000111101100101111011111011001000111110110010101100001101101111001111011000010001110111011111001100011000101010000101110111000111000100010010111101001000100101111111001100000110000011110100100000000101110110011011101110,1101110011100001101101101011111010111011101100011011100010110110000011000101101001000001111101110011111110011100101010001110001000000100101110010010100100011001001110010111111101110110100110100000101111011100010110110011101000010100100111101101010110001010100000011110111011001110001111001110001001011110010110100111000011001011001110100111101111011000010110101000001110010001001010101010011110101010011011001111110111010100100100010
442,1.3914027149321266,1.4230769230769231,1.331447963800905,0.23529411764705843,0001110001110110000010011001000110110001010101111000011000010010000010101000011111100111001000100001100110011011111010001111001111111101010100001011101110010011100100011100011101000001111111110101001110011100110001000111101100101111011111011001000111110110010101100001101101111001111011000010001110111011111001100011000101010000101110111000111000100010010111101001000100101111111001100000110000011110100100000000101110110011011101110010011111,1101110011100001101101101011111010111011101100011011100010110110000011000101101001000001111101110011111110011100101010001110001000000100101110010010100100011001001110010111111101110110100110100000101111011100010110110011101000010100100111101101010110001010100000011110111011001110001111001110001001011110010110100111000011001011001110100111101111011000010110101000001110010001001010101010011110101010011011001111110111010100100100010101100110
451,1.394678492239468,1.41019955654102,1.3314855875831486,0.23503325942350317,0001110001110110000010011001000110110001010101111000011000010010000010101000011111100111001000100001100110011011111010001111001111111101010100001011101110010011100100011100011101000001111111110101001110011100110001000111101100101111011111011001000111110110010101100001101101111001111011000010001110111011111001100011000101010000101110111000111000100010010111101001000100101111111001100000110000011110100100000000101110110011011101110010011111010101100,1101110011100001101101101011111010111011101100011011100010110110000011000101101001000001111101110011111110011100101010001110001000000100101110010010100100011001001110010111111101110110100110100000101111011100010110110011101000010100100111101101010110001010100000011110111011001110001111001110001001011110010110100111000011001011001110100111101111011000010110101000001110010001001010101010011110101010011011001111110111010100100100010101100110110011100
460,1.3978260869565218,1.4130434782608696,1.3402173913043478,0.23043478260869588,0001110001110110000010011001000110110001010101111000011000010010000010101000011111100111001000100001100110011011111010001111001111111101010100001011101110010011100100011100011101000001111111110101001110011100110001000111101100101111011111011001000111110110010101100001101101111001111011000010001110111011111001100011000101010000101110111000111000100010010111101001000100101111111001100000110000011110100100000000101110110011011101110010011111010101100100101110,1101110011100001101101101011111010111011101100011011100010110110000011000101101001000001111101110011111110011100101010001110001000000100101110010010100100011001001110010111111101110110100110100000101111011100010110110011101000010100100111101101010110001010100000011110111011001110001111001110001001011110010110100111000011001011001110100111101111011000010110101000001110010001001010101010011110101010011011001111110111010100100100010101100110110011100001111111
469,1.4008528784648189,1.415778251599147,1.340085287846482,0.24307036247334768,0001110001110110000010011001000110110001010101111000011000010010000010101000011111100111001000100001100110011011111010001111001111111101010100001011101110010011100100011100011101000001111111110101001110011100110001000111101100101111011111011001000111110110010101100001101101111001111011000010001110111011111001100011000101010000101110111000111000100010010111101001000100101111111001100000110000011110100100000000101110110011011101110010011111010101100100101110000011000,1101110011100001101101101011111010111011101100011011100010110110000011000101101001000001111101110011111110011100101010001110001000000100101110010010100100011001001110010111111101110110100110100000101111011100010110110011101000010100100111101101010110001010100000011110111011001110001111001110001001011110010110100111000011001011001110100111101111011000010110101000001110010001001010101010011110101010011011001111110111010100100100010101100110110011100001111111100000000
478,1.389121338912134,1.403765690376569,1.3315899581589958,0.21338912133891208,0001110001110110000010011001000110110001010101111000011000010010000010101000011111100111001000100001100110011011111010001111001111111101010100001011101110010011100100011100011101000001111111110101001110011100110001000111101100101111011111011001000111110110010101100001101101111001111011000010001110111011111001100011000101010000101110111000111000100010010111101001000100101111111001100000110000011110100100000000101110110011011101110010011111010101100100101110000011000100011100,1101110011100001101101101011111010111011101100011011100010110110000011000101101001000001111101110011111110011100101010001110001000000100101110010010100100011001001110010111111101110110100110100000101111011100010110110011101000010100100111101101010110001010100000011110111011001110001111001110001001011110010110100111000011001011001110100111101111011000010110101000001110010001001010101010011110101010011011001111110111010100100100010101100110110011100001111111100000000000100001
487,1.3921971252566736,1.406570841889117,1.3316221765913758,0.2258726899383987,0001110001110110000010011001000110110001010101111000011000010010000010101000011111100111001000100001100110011011111010001111001111111101010100001011101110010011100100011100011101000001111111110101001110011100110001000111101100101111011111011001000111110110010101100001101101111001111011000010001110111011111001100011000101010000101110111000111000100010010111101001000100101111111001100000110000011110100100000000101110110011011101110010011111010101100100101110000011000100011100010101100,1101110011100001101101101011111010111011101100011011100010110110000011000101101001000001111101110011111110011100101010001110001000000100101110010010100100011001001110010111111101110110100110100000101111011100010110110011101000010100100111101101010110001010100000011110111011001110001111001110001001011110010110100111000011001011001110100111101111011000010110101000001110010001001010101010011110101010011011001111110111010100100100010101100110110011100001111111100000000000100001101000000
496,1.3810483870967742,1.409274193548387,1.3316532258064515,0.20967741935483852,0001110001110110000010011001000110110001010101111000011000010010000010101000011111100111001000100001100110011011111010001111001111111101010100001011101110010011100100011100011101000001111111110101001110011100110001000111101100101111011111011001000111110110010101100001101101111001111011000010001110111011111001100011000101010000101110111000111000100010010111101001000100101111111001100000110000011110100100000000101110110011011101110010011111010101100100101110000011000100011100010101100110010010,1101110011100001101101101011111010111011101100011011100010110110000011000101101001000001111101110011111110011100101010001110001000000100101110010010100100011001001110010111111101110110100110100000101111011100010110110011101000010100100111101101010110001010100000011110111011001110001111001110001001011110010110100111000011001011001110100111101111011000010110101000001110010001001010101010011110101010011011001111110111010100100100010101100110110011100001111111100000000000100001101000000000100000
505,1.384158415841584,1.398019801980198,1.3396039603960397,0.24158415841584135,0001110001110110000010011001000110110001010101111000011000010010000010101000011111100111001000100001100110011011111010001111001111111101010100001011101110010011100100011100011101000001111111110101001110011100110001000111101100101111011111011001000111110110010101100001101101111001111011000010001110111011111001100011000101010000101110111000111000100010010111101001000100101111111001100000110000011110100100000000101110110011011101110010011111010101100100101110000011000100011100010101100110010010001100011,1101110011100001101101101011111010111011101100011011100010110110000011000101101001000001111101110011111110011100101010001110001000000100101110010010100100011001001110010111111101110110100110100000101111011100010110110011101000010100100111101101010110001010100000011110111011001110001111001110001001011110010110100111000011001011001110100111101111011000010110101000001110010001001010101010011110101010011011001111110111010100100100010101100110110011100001111111100000000000100001101000000000100000001010011
514,1.3735408560311284,1.4007782101167314,1.3317120622568093,0.22568093385214016,0001110001110110000010011001000110110001010101111000011000010010000010101000011111100111001000100001100110011011111010001111001111111101010100001011101110010011100100011100011101000001111111110101001110011100110001000111101100101111011111011001000111110110010101100001101101111001111011000010001110111011111001100011000101010000101110111000111000100010010111101001000100101111111001100000110000011110100100000000101110110011011101110010011111010101100100101110000011000100011100010101100110010010001100011001110000,1101110011100001101101101011111010111011101100011011100010110110000011000101101001000001111101110011111110011100101010001110001000000100101110010010100100011001001110010111111101110110100110100000101111011100010110110011101000010100100111101101010110001010100000011110111011001110001111001110001001011110010110100111000011001011001110100111101111011000010110101000001110010001001010101010011110101010011011001111110111010100100100010101100110110011100001111111100000000000100001101000000000100000001010011100000011
523,1.3766730401529637,1.3900573613766731,1.3317399617590822,0.22562141491395815,0001110001110110000010011001000110110001010101111000011000010010000010101000011111100111001000100001100110011011111010001111001111111101010100001011101110010011100100011100011101000001111111110101001110011100110001000111101100101111011111011001000111110110010101100001101101111001111011000010001110111011111001100011000101010000101110111000111000100010010111101001000100101111111001100000110000011110100100000000101110110011011101110010011111010101100100101110000011000100011100010101100110010010001100011001110000011111111,1101110011100001101101101011111010111011101100011011100010110110000011000101101001000001111101110011111110011100101010001110001000000100101110010010100100011001001110010111111101110110100110100000101111011100010110110011101000010100100111101101010110001010100000011110111011001110001111001110001001011110010110100111000011001011001110100111101111011000010110101000001110010001001010101010011110101010011011001111110111010100100100010101100110110011100001111111100000000000100001101000000000100000001010011100000011111111101
532,1.3665413533834587,1.3928571428571428,1.324248120300752,0.19548872180451138,0001110001110110000010011001000110110001010101111000011000010010000010101000011111100111001000100001100110011011111010001111001111111101010100001011101110010011100100011100011101000001111111110101001110011100110001000111101100101111011111011001000111110110010101100001101101111001111011000010001110111011111001100011000101010000101110111000111000100010010111101001000100101111111001100000110000011110100100000000101110110011011101110010011111010101100100101110000011000100011100010101100110010010001100011001110000011111111001011001,1101110011100001101101101011111010111011101100011011100010110110000011000101101001000001111101110011111110011100101010001110001000000100101110010010100100011001001110010111111101110110100110100000101111011100010110110011101000010100100111101101010110001010100000011110111011001110001111001110001001011110010110100111000011001011001110100111101111011000010110101000001110010001001010101010011110101010011011001111110111010100100100010101100110110011100001111111100000000000100001101000000000100000001010011100000011111111101101010101
541,1.356746765249538,1.3826247689463955,1.3317929759704252,0.11090573012939009,0001110001110110000010011001000110110001010101111000011000010010000010101000011111100111001000100001100110011011111010001111001111111101010100001011101110010011100100011100011101000001111111110101001110011100110001000111101100101111011111011001000111110110010101100001101101111001111011000010001110111011111001100011000101010000101110111000111000100010010111101001000100101111111001100000110000011110100100000000101110110011011101110010011111010101100100101110000011000100011100010101100110010010001100011001110000011111111001011001010110000,1101110011100001101101101011111010111011101100011011100010110110000011000101101001000001111101110011111110011100101010001110001000000100101110010010100100011001001110010111111101110110100110100000101111011100010110110011101000010100100111101101010110001010100000011110111011001110001111001110001001011110010110100111000011001011001110100111101111011000010110101000001110010001001010101010011110101010011011001111110111010100100100010101100110110011100001111111100000000000100001101000000000100000001010011100000011111111101101010101111011110
550,1.36,1.3854545454545455,1.3245454545454545,0.15272727272727282,0001110001110110000010011001000110110001010101111000011000010010000010101000011111100111001000100001100110011011111010001111001111111101010100001011101110010011100100011100011101000001111111110101001110011100110001000111101100101111011111011001000111110110010101100001101101111001111011000010001110111011111001100011000101010000101110111000111000100010010111101001000100101111111001100000110000011110100100000000101110110011011101110010011111010101100100101110000011000100011100010101100110010010001100011001110000011111111001011001010110000000000110,1101110011100001101101101011111010111011101100011011100010110110000011000101101001000001111101110011111110011100101010001110001000000100101110010010100100011001001110010111111101110110100110100000101111011100010110110011101000010100100111101101010110001010100000011110111011001110001111001110001001011110010110100111000011001011001110100111101111011000010110101000001110010001001010101010011110101010011011001111110111010100100100010101100110110011100001111111100000000000100001101000000000100000001010011100000011111111101101010101111011110110000010
559,1.3631484794275492,1.3881932021466905,1.3175313059033988,0.16457960644007175,0001110001110110000010011001000110110001010101111000011000010010000010101000011111100111001000100001100110011011111010001111001111111101010100001011101110010011100100011100011101000001111111110101001110011100110001000111101100101111011111011001000111110110010101100001101101111001111011000010001110111011111001100011000101010000101110111000111000100010010111101001000100101111111001100000110000011110100100000000101110110011011101110010011111010101100100101110000011000100011100010101100110010010001100011001110000011111111001011001010110000000000110100110000,1101110011100001101101101011111010111011101100011011100010110110000011000101101001000001111101110011111110011100101010001110001000000100101110010010100100011001001110010111111101110110100110100000101111011100010110110011101000010100100111101101010110001010100000011110111011001110001111001110001001011110010110100111000011001011001110100111101111011000010110101000001110010001001010101010011110101010011011001111110111010100100100010101100110110011100001111111100000000000100001101000000000100000001010011100000011111111101101010101111011110110000010010001100
568,1.3538732394366197,1.3961267605633803,1.317781690140845,0.18838028169014098,0001110001110110000010011001000110110001010101111000011000010010000010101000011111100111001000100001100110011011111010001111001111111101010100001011101110010011100100011100011101000001111111110101001110011100110001000111101100101111011111011001000111110110010101100001101101111001111011000010001110111011111001100011000101010000101110111000111000100010010111101001000100101111111001100000110000011110100100000000101110110011011101110010011111010101100100101110000011000100011100010101100110010010001100011001110000011111111001011001010110000000000110100110000010100000,1101110011100001101101101011111010111011101100011011100010110110000011000101101001000001111101110011111110011100101010001110001000000100101110010010100100011001001110010111111101110110100110100000101111011100010110110011101000010100100111101101010110001010100000011110111011001110001111001110001001011110010110100111000011001011001110100111101111011000010110101000001110010001001010101010011110101010011011001111110111010100100100010101100110110011100001111111100000000000100001101000000000100000001010011100000011111111101101010101111011110110000010010001100110000010
577,1.3604852686308493,1.3882149046793761,1.331889081455806,0.18370883882149025,0001110001110110000010011001000110110001010101111000011000010010000010101000011111100111001000100001100110011011111010001111001111111101010100001011101110010011100100011100011101000001111111110101001110011100110001000111101100101111011111011001000111110110010101100001101101111001111011000010001110111011111001100011000101010000101110111000111000100010010111101001000100101111111001100000110000011110100100000000101110110011011101110010011111010101100100101110000011000100011100010101100110010010001100011001110000011111111001011001010110000000000110100110000010100000011111001,1101110011100001101101101011111010111011101100011011100010110110000011000101101001000001111101110011111110011100101010001110001000000100101110010010100100011001001110010111111101110110100110100000101111011100010110110011101000010100100111101101010110001010100000011110111011001110001111001110001001011110010110100111000011001011001110100111101111011000010110101000001110010001001010101010011110101010011011001111110111010100100100010101100110110011100001111111100000000000100001101000000000100000001010011100000011111111101101010101111011110110000010010001100110000010000111011
586,1.3532423208191127,1.39419795221843,1.325085324232082,0.19453924914675813,0001110001110110000010011001000110110001010101111000011000010010000010101000011111100111001000100001100110011011111010001111001111111101010100001011101110010011100100011100011101000001111111110101001110011100110001000111101100101111011111011001000111110110010101100001101101111001111011000010001110111011111001100011000101010000101110111000111000100010010111101001000100101111111001100000110000011110100100000000101110110011011101110010011111010101100100101110000011000100011100010101100110010010001100011001110000011111111001011001010110000000000110100110000010100000011111001101100110,1101110011100001101101101011111010111011101100011011100010110110000011000101101001000001111101110011111110011100101010001110001000000100101110010010100100011001001110010111111101110110100110100000101111011100010110110011101000010100100111101101010110001010100000011110111011001110001111001110001001011110010110100111000011001011001110100111101111011000010110101000001110010001001010101010011110101010011011001111110111010100100100010101100110110011100001111111100000000000100001101000000000100000001010011100000011111111101101010101111011110110000010010001100110000010000111011010110100
595,1.3596638655462185,1.3865546218487395,1.3252100840336134,0.20504201680672285,0001110001110110000010011001000110110001010101111000011000010010000010101000011111100111001000100001100110011011111010001111001111111101010100001011101110010011100100011100011101000001111111110101001110011100110001000111101100101111011111011001000111110110010101100001101101111001111011000010001110111011111001100011000101010000101110111000111000100010010111101001000100101111111001100000110000011110100100000000101110110011011101110010011111010101100100101110000011000100011100010101100110010010001100011001110000011111111001011001010110000000000110100110000010100000011111001101100110001010001,1101110011100001101101101011111010111011101100011011100010110110000011000101101001000001111101110011111110011100101010001110001000000100101110010010100100011001001110010111111101110110100110100000101111011100010110110011101000010100100111101101010110001010100000011110111011001110001111001110001001011110010110100111000011001011001110100111101111011000010110101000001110010001001010101010011110101010011011001111110111010100100100010101100110110011100001111111100000000000100001101000000000100000001010011100000011111111101101010101111011110110000010010001100110000010000111011010110100111001110
604,1.3526490066225165,1.3923841059602649,1.3120860927152318,0.1754966887417222,0001110001110110000010011001000110110001010101111000011000010010000010101000011111100111001000100001100110011011111010001111001111111101010100001011101110010011100100011100011101000001111111110101001110011100110001000111101100101111011111011001000111110110010101100001101101111001111011000010001110111011111001100011000101010000101110111000111000100010010111101001000100101111111001100000110000011110100100000000101110110011011101110010011111010101100100101110000011000100011100010101100110010010001100011001110000011111111001011001010110000000000110100110000010100000011111001101100110001010001011001011,1101110011100001101101101011111010111011101100011011100010110110000011000101101001000001111101110011111110011100101010001110001000000100101110010010100100011001001110010111111101110110100110100000101111011100010110110011101000010100100111101101010110001010100000011110111011001110001111001110001001011110010110100111000011001011001110100111101111011000010110101000001110010001001010101010011110101010011011001111110111010100100100010101100110110011100001111111100000000000100001101000000000100000001010011100000011111111101101010101111011110110000010010001100110000010000111011010110100111001110000110001
613,1.3588907014681892,1.3849918433931485,1.3123980424143555,0.17292006525285464,0001110001110110000010011001000110110001010101111000011000010010000010101000011111100111001000100001100110011011111010001111001111111101010100001011101110010011100100011100011101000001111111110101001110011100110001000111101100101111011111011001000111110110010101100001101101111001111011000010001110111011111001100011000101010000101110111000111000100010010111101001000100101111111001100000110000011110100100000000101110110011011101110010011111010101100100101110000011000100011100010101100110010010001100011001110000011111111001011001010110000000000110100110000010100000011111001101100110001010001011001011011110110,1101110011100001101101101011111010111011101100011011100010110110000011000101101001000001111101110011111110011100101010001110001000000100101110010010100100011001001110010111111101110110100110100000101111011100010110110011101000010100100111101101010110001010100000011110111011001110001111001110001001011110010110100111000011001011001110100111101111011000010110101000001110010001001010101010011110101010011011001111110111010100100100010101100110110011100001111111100000000000100001101000000000100000001010011100000011111111101101010101111011110110000010010001100110000010000111011010110100111001110000110001110000101
622,1.3520900321543408,1.3906752411575563,1.312700964630225,0.1961414790996785,0001110001110110000010011001000110110001010101111000011000010010000010101000011111100111001000100001100110011011111010001111001111111101010100001011101110010011100100011100011101000001111111110101001110011100110001000111101100101111011111011001000111110110010101100001101101111001111011000010001110111011111001100011000101010000101110111000111000100010010111101001000100101111111001100000110000011110100100000000101110110011011101110010011111010101100100101110000011000100011100010101100110010010001100011001110000011111111001011001010110000000000110100110000010100000011111001101100110001010001011001011011110110010110100,1101110011100001101101101011111010111011101100011011100010110110000011000101101001000001111101110011111110011100101010001110001000000100101110010010100100011001001110010111111101110110100110100000101111011100010110110011101000010100100111101101010110001010100000011110111011001110001111001110001001011110010110100111000011001011001110100111101111011000010110101000001110010001001010101010011110101010011011001111110111010100100100010101100110110011100001111111100000000000100001101000000000100000001010011100000011111111101101010101111011110110000010010001100110000010000111011010110100111001110000110001110000101100000001
631,1.358161648177496,1.3835182250396196,1.3003169572107764,0.18066561014263094,0001110001110110000010011001000110110001010101111000011000010010000010101000011111100111001000100001100110011011111010001111001111111101010100001011101110010011100100011100011101000001111111110101001110011100110001000111101100101111011111011001000111110110010101100001101101111001111011000010001110111011111001100011000101010000101110111000111000100010010111101001000100101111111001100000110000011110100100000000101110110011011101110010011111010101100100101110000011000100011100010101100110010010001100011001110000011111111001011001010110000000000110100110000010100000011111001101100110001010001011001011011110110010110100011010010,1101110011100001101101101011111010111011101100011011100010110110000011000101101001000001111101110011111110011100101010001110001000000100101110010010100100011001001110010111111101110110100110100000101111011100010110110011101000010100100111101101010110001010100000011110111011001110001111001110001001011110010110100111000011001011001110100111101111011000010110101000001110010001001010101010011110101010011011001111110111010100100100010101100110110011100001111111100000000000100001101000000000100000001010011100000011111111101101010101111011110110000010010001100110000010000111011010110100111001110000110001110000101100000001100100010
640,1.3515625,1.3890625,1.31953125,0.21562500000000018,0001110001110110000010011001000110110001010101111000011000010010000010101000011111100111001000100001100110011011111010001111001111111101010100001011101110010011100100011100011101000001111111110101001110011100110001000111101100101111011111011001000111110110010101100001101101111001111011000010001110111011111001100011000101010000101110111000111000100010010111101001000100101111111001100000110000011110100100000000101110110011011101110010011111010101100100101110000011000100011100010101100110010010001100011001110000011111111001011001010110000000000110100110000010100000011111001101100110001010001011001011011110110010110100011010010011010000,1101110011100001101101101011111010111011101100011011100010110110000011000101101001000001111101110011111110011100101010001110001000000100101110010010100100011001001110010111111101110110100110100000101111011100010110110011101000010100100111101101010110001010100000011110111011001110001111001110001001011110010110100111000011001011001110100111101111011000010110101000001110010001001010101010011110101010011011001111110111010100100100010101100110110011100001111111100000000000100001101000000000100000001010011100000011111111101101010101111011110110000010010001100110000010000111011010110100111001110000110001110000101100000001100100010010101001
649,1.357473035439137,1.382126348228043,1.3012326656394453,0.212634822804314,0001110001110110000010011001000110110001010101111000011000010010000010101000011111100111001000100001100110011011111010001111001111111101010100001011101110010011100100011100011101000001111111110101001110011100110001000111101100101111011111011001000111110110010101100001101101111001111011000010001110111011111001100011000101010000101110111000111000100010010111101001000100101111111001100000110000011110100100000000101110110011011101110010011111010101100100101110000011000100011100010101100110010010001100011001110000011111111001011001010110000000000110100110000010100000011111001101100110001010001011001011011110110010110100011010010011010000001000010,1101110011100001101101101011111010111011101100011011100010110110000011000101101001000001111101110011111110011100101010001110001000000100101110010010100100011001001110010111111101110110100110100000101111011100010110110011101000010100100111101101010110001010100000011110111011001110001111001110001001011110010110100111000011001011001110100111101111011000010110101000001110010001001010101010011110101010011011001111110111010100100100010101100110110011100001111111100000000000100001101000000000100000001010011100000011111111101101010101111011110110000010010001100110000010000111011010110100111001110000110001110000101100000001100100010010101001010110111
658,1.351063829787234,1.3875379939209727,1.3077507598784195,0.23404255319148914,0001110001110110000010011001000110110001010101111000011000010010000010101000011111100111001000100001100110011011111010001111001111111101010100001011101110010011100100011100011101000001111111110101001110011100110001000111101100101111011111011001000111110110010101100001101101111001111011000010001110111011111001100011000101010000101110111000111000100010010111101001000100101111111001100000110000011110100100000000101110110011011101110010011111010101100100101110000011000100011100010101100110010010001100011001110000011111111001011001010110000000000110100110000010100000011111001101100110001010001011001011011110110010110100011010010011010000001000010011011001,1101110011100001101101101011111010111011101100011011100010110110000011000101101001000001111101110011111110011100101010001110001000000100101110010010100100011001001110010111111101110110100110100000101111011100010110110011101000010100100111101101010110001010100000011110111011001110001111001110001001011110010110100111000011001011001110100111101111011000010110101000001110010001001010101010011110101010011011001111110111010100100100010101100110110011100001111111100000000000100001101000000000100000001010011100000011111111101101010101111011110110000010010001100110000010000111011010110100111001110000110001110000101100000001100100010010101001010110111010010000
667,1.3568215892053972,1.3808095952023989,1.3020989505247376,0.23088455772113958,0001110001110110000010011001000110110001010101111000011000010010000010101000011111100111001000100001100110011011111010001111001111111101010100001011101110010011100100011100011101000001111111110101001110011100110001000111101100101111011111011001000111110110010101100001101101111001111011000010001110111011111001100011000101010000101110111000111000100010010111101001000100101111111001100000110000011110100100000000101110110011011101110010011111010101100100101110000011000100011100010101100110010010001100011001110000011111111001011001010110000000000110100110000010100000011111001101100110001010001011001011011110110010110100011010010011010000001000010011011001001100111,1101110011100001101101101011111010111011101100011011100010110110000011000101101001000001111101110011111110011100101010001110001000000100101110010010100100011001001110010111111101110110100110100000101111011100010110110011101000010100100111101101010110001010100000011110111011001110001111001110001001011110010110100111000011001011001110100111101111011000010110101000001110010001001010101010011110101010011011001111110111010100100100010101100110110011100001111111100000000000100001101000000000100000001010011100000011111111101101010101111011110110000010010001100110000010000111011010110100111001110000110001110000101100000001100100010010101001010110111010010000101011101
676,1.3505917159763314,1.3742603550295858,1.3025147928994083,0.2633136094674553,0001110001110110000010011001000110110001010101111000011000010010000010101000011111100111001000100001100110011011111010001111001111111101010100001011101110010011100100011100011101000001111111110101001110011100110001000111101100101111011111011001000111110110010101100001101101111001111011000010001110111011111001100011000101010000101110111000111000100010010111101001000100101111111001100000110000011110100100000000101110110011011101110010011111010101100100101110000011000100011100010101100110010010001100011001110000011111111001011001010110000000000110100110000010100000011111001101100110001010001011001011011110110010110100011010010011010000001000010011011001001100111100010101,1101110011100001101101101011111010111011101100011011100010110110000011000101101001000001111101110011111110011100101010001110001000000100101110010010100100011001001110010111111101110110100110100000101111011100010110110011101000010100100111101101010110001010100000011110111011001110001111001110001001011110010110100111000011001011001110100111101111011000010110101000001110010001001010101010011110101010011011001111110111010100100100010101100110110011100001111111100000000000100001101000000000100000001010011100000011111111101101010101111011110110000010010001100110000010000111011010110100111001110000110001110000101100000001100100010010101001010110111010010000101011101101000100
685,1.3445255474452555,1.3795620437956204,1.2795620437956203,0.24817518248175174,0001110001110110000010011001000110110001010101111000011000010010000010101000011111100111001000100001100110011011111010001111001111111101010100001011101110010011100100011100011101000001111111110101001110011100110001000111101100101111011111011001000111110110010101100001101101111001111011000010001110111011111001100011000101010000101110111000111000100010010111101001000100101111111001100000110000011110100100000000101110110011011101110010011111010101100100101110000011000100011100010101100110010010001100011001110000011111111001011001010110000000000110100110000010100000011111001101100110001010001011001011011110110010110100011010010011010000001000010011011001001100111100010101011110001,1101110011100001101101101011111010111011101100011011100010110110000011000101101001000001111101110011111110011100101010001110001000000100101110010010100100011001001110010111111101110110100110100000101111011100010110110011101000010100100111101101010110001010100000011110111011001110001111001110001001011110010110100111000011001011001110100111101111011000010110101000001110010001001010101010011110101010011011001111110111010100100100010101100110110011100001111111100000000000100001101000000000100000001010011100000011111111101101010101111011110110000010010001100110000010000111011010110100111001110000110001110000101100000001100100010010101001010110111010010000101011101101000100001111011
694,1.3501440922190202,1.3731988472622478,1.2802593659942363,0.2910662824207493,0001110001110110000010011001000110110001010101111000011000010010000010101000011111100111001000100001100110011011111010001111001111111101010100001011101110010011100100011100011101000001111111110101001110011100110001000111101100101111011111011001000111110110010101100001101101111001111011000010001110111011111001100011000101010000101110111000111000100010010111101001000100101111111001100000110000011110100100000000101110110011011101110010011111010101100100101110000011000100011100010101100110010010001100011001110000011111111001011001010110000000000110100110000010100000011111001101100110001010001011001011011110110010110100011010010011010000001000010011011001001100111100010101011110001010011010,1101110011100001101101101011111010111011101100011011100010110110000011000101101001000001111101110011111110011100101010001110001000000100101110010010100100011001001110010111111101110110100110100000101111011100010110110011101000010100100111101101010110001010100000011110111011001110001111001110001001011110010110100111000011001011001110100111101111011000010110101000001110010001001010101010011110101010011011001111110111010100100100010101100110110011100001111111100000000000100001101000000000100000001010011100000011111111101101010101111011110110000010010001100110000010000111011010110100111001110000110001110000101100000001100100010010101001010110111010010000101011101101000100001111011100111110
703,1.3442389758179232,1.3783783783783783,1.3008534850640114,0.24466571834992834,0001110001110110000010011001000110110001010101111000011000010010000010101000011111100111001000100001100110011011111010001111001111111101010100001011101110010011100100011100011101000001111111110101001110011100110001000111101100101111011111011001000111110110010101100001101101111001111011000010001110111011111001100011000101010000101110111000111000100010010111101001000100101111111001100000110000011110100100000000101110110011011101110010011111010101100100101110000011000100011100010101100110010010001100011001110000011111111001011001010110000000000110100110000010100000011111001101100110001010001011001011011110110010110100011010010011010000001000010011011001001100111100010101011110001010011010011011101,1101110011100001101101101011111010111011101100011011100010110110000011000101101001000001111101110011111110011100101010001110001000000100101110010010100100011001001110010111111101110110100110100000101111011100010110110011101000010100100111101101010110001010100000011110111011001110001111001110001001011110010110100111000011001011001110100111101111011000010110101000001110010001001010101010011110101010011011001111110111010100100100010101100110110011100001111111100000000000100001101000000000100000001010011100000011111111101101010101111011110110000010010001100110000010000111011010110100111001110000110001110000101100000001100100010010101001010110111010010000101011101101000100001111011100111110010000110
712,1.3384831460674158,1.372191011235955,1.2844101123595506,0.2106741573033708,0001110001110110000010011001000110110001010101111000011000010010000010101000011111100111001000100001100110011011111010001111001111111101010100001011101110010011100100011100011101000001111111110101001110011100110001000111101100101111011111011001000111110110010101100001101101111001111011000010001110111011111001100011000101010000101110111000111000100010010111101001000100101111111001100000110000011110100100000000101110110011011101110010011111010101100100101110000011000100011100010101100110010010001100011001110000011111111001011001010110000000000110100110000010100000011111001101100110001010001011001011011110110010110100011010010011010000001000010011011001001100111100010101011110001010011010011011101001110110,1101110011100001101101101011111010111011101100011011100010110110000011000101101001000001111101110011111110011100101010001110001000000100101110010010100100011001001110010111111101110110100110100000101111011100010110110011101000010100100111101101010110001010100000011110111011001110001111001110001001011110010110100111000011001011001110100111101111011000010110101000001110010001001010101010011110101010011011001111110111010100100100010101100110110011100001111111100000000000100001101000000000100000001010011100000011111111101101010101111011110110000010010001100110000010000111011010110100111001110000110001110000101100000001100100010010101001010110111010010000101011101101000100001111011100111110010000110111001000
721,1.3439667128987518,1.377253814147018,1.2995839112343968,0.20943134535367536,0001110001110110000010011001000110110001010101111000011000010010000010101000011111100111001000100001100110011011111010001111001111111101010100001011101110010011100100011100011101000001111111110101001110011100110001000111101100101111011111011001000111110110010101100001101101111001111011000010001110111011111001100011000101010000101110111000111000100010010111101001000100101111111001100000110000011110100100000000101110110011011101110010011111010101100100101110000011000100011100010101100110010010001100011001110000011111111001011001010110000000000110100110000010100000011111001101100110001010001011001011011110110010110100011010010011010000001000010011011001001100111100010101011110001010011010011011101001110110001111100,1101110011100001101101101011111010111011101100011011100010110110000011000101101001000001111101110011111110011100101010001110001000000100101110010010100100011001001110010111111101110110100110100000101111011100010110110011101000010100100111101101010110001010100000011110111011001110001111001110001001011110010110100111000011001011001110100111101111011000010110101000001110010001001010101010011110101010011011001111110111010100100100010101100110110011100001111111100000000000100001101000000000100000001010011100000011111111101101010101111011110110000010010001100110000010000111011010110100111001110000110001110000101100000001100100010010101001010110111010010000101011101101000100001111011100111110010000110111001000110101111
730,1.3383561643835618,1.3712328767123287,1.295890410958904,0.2260273972602742,0001110001110110000010011001000110110001010101111000011000010010000010101000011111100111001000100001100110011011111010001111001111111101010100001011101110010011100100011100011101000001111111110101001110011100110001000111101100101111011111011001000111110110010101100001101101111001111011000010001110111011111001100011000101010000101110111000111000100010010111101001000100101111111001100000110000011110100100000000101110110011011101110010011111010101100100101110000011000100011100010101100110010010001100011001110000011111111001011001010110000000000110100110000010100000011111001101100110001010001011001011011110110010110100011010010011010000001000010011011001001100111100010101011110001010011010011011101001110110001111100111010111,1101110011100001101101101011111010111011101100011011100010110110000011000101101001000001111101110011111110011100101010001110001000000100101110010010100100011001001110010111111101110110100110100000101111011100010110110011101000010100100111101101010110001010100000011110111011001110001111001110001001011110010110100111000011001011001110100111101111011000010110101000001110010001001010101010011110101010011011001111110111010100100100010101100110110011100001111111100000000000100001101000000000100000001010011100000011111111101101010101111011110110000010010001100110000010000111011010110100111001110000110001110000101100000001100100010010101001010110111010010000101011101101000100001111011100111110010000110111001000110101111011001111
739,1.3437077131258457,1.3761840324763193,1.2983761840324763,0.20027063599458694,0001110001110110000010011001000110110001010101111000011000010010000010101000011111100111001000100001100110011011111010001111001111111101010100001011101110010011100100011100011101000001111111110101001110011100110001000111101100101111011111011001000111110110010101100001101101111001111011000010001110111011111001100011000101010000101110111000111000100010010111101001000100101111111001100000110000011110100100000000101110110011011101110010011111010101100100101110000011000100011100010101100110010010001100011001110000011111111001011001010110000000000110100110000010100000011111001101100110001010001011001011011110110010110100011010010011010000001000010011011001001100111100010101011110001010011010011011101001110110001111100111010111110111010,1101110011100001101101101011111010111011101100011011100010110110000011000101101001000001111101110011111110011100101010001110001000000100101110010010100100011001001110010111111101110110100110100000101111011100010110110011101000010100100111101101010110001010100000011110111011001110001111001110001001011110010110100111000011001011001110100111101111011000010110101000001110010001001010101010011110101010011011001111110111010100100100010101100110110011100001111111100000000000100001101000000000100000001010011100000011111111101101010101111011110110000010010001100110000010000111011010110100111001110000110001110000101100000001100100010010101001010110111010010000101011101101000100001111011100111110010000110111001000110101111011001111110101010
748,1.3489304812834224,1.3703208556149733,1.2947860962566844,0.2018716577540105,0001110001110110000010011001000110110001010101111000011000010010000010101000011111100111001000100001100110011011111010001111001111111101010100001011101110010011100100011100011101000001111111110101001110011100110001000111101100101111011111011001000111110110010101100001101101111001111011000010001110111011111001100011000101010000101110111000111000100010010111101001000100101111111001100000110000011110100100000000101110110011011101110010011111010101100100101110000011000100011100010101100110010010001100011001110000011111111001011001010110000000000110100110000010100000011111001101100110001010001011001011011110110010110100011010010011010000001000010011011001001100111100010101011110001010011010011011101001110110001111100111010111110111010011010011,1101110011100001101101101011111010111011101100011011100010110110000011000101101001000001111101110011111110011100101010001110001000000100101110010010100100011001001110010111111101110110100110100000101111011100010110110011101000010100100111101101010110001010100000011110111011001110001111001110001001011110010110100111000011001011001110100111101111011000010110101000001110010001001010101010011110101010011011001111110111010100100100010101100110110011100001111111100000000000100001101000000000100000001010011100000011111111101101010101111011110110000010010001100110000010000111011010110100111001110000110001110000101100000001100100010010101001010110111010010000101011101101000100001111011100111110010000110111001000110101111011001111110101010010010000
757,1.3434610303830912,1.3751651254953765,1.285336856010568,0.19154557463672406,0001110001110110000010011001000110110001010101111000011000010010000010101000011111100111001000100001100110011011111010001111001111111101010100001011101110010011100100011100011101000001111111110101001110011100110001000111101100101111011111011001000111110110010101100001101101111001111011000010001110111011111001100011000101010000101110111000111000100010010111101001000100101111111001100000110000011110100100000000101110110011011101110010011111010101100100101110000011000100011100010101100110010010001100011001110000011111111001011001010110000000000110100110000010100000011111001101100110001010001011001011011110110010110100011010010011010000001000010011011001001100111100010101011110001010011010011011101001110110001111100111010111110111010011010011101000111,1101110011100001101101101011111010111011101100011011100010110110000011000101101001000001111101110011111110011100101010001110001000000100101110010010100100011001001110010111111101110110100110100000101111011100010110110011101000010100100111101101010110001010100000011110111011001110001111001110001001011110010110100111000011001011001110100111101111011000010110101000001110010001001010101010011110101010011011001111110111010100100100010101100110110011100001111111100000000000100001101000000000100000001010011100000011111111101101010101111011110110000010010001100110000010000111011010110100111001110000110001110000101100000001100100010010101001010110111010010000101011101101000100001111011100111110010000110111001000110101111011001111110101010010010000000111001
766,1.3485639686684072,1.3694516971279374,1.2996083550913837,0.22845953002610964,0001110001110110000010011001000110110001010101111000011000010010000010101000011111100111001000100001100110011011111010001111001111111101010100001011101110010011100100011100011101000001111111110101001110011100110001000111101100101111011111011001000111110110010101100001101101111001111011000010001110111011111001100011000101010000101110111000111000100010010111101001000100101111111001100000110000011110100100000000101110110011011101110010011111010101100100101110000011000100011100010101100110010010001100011001110000011111111001011001010110000000000110100110000010100000011111001101100110001010001011001011011110110010110100011010010011010000001000010011011001001100111100010101011110001010011010011011101001110110001111100111010111110111010011010011101000111101011111,1101110011100001101101101011111010111011101100011011100010110110000011000101101001000001111101110011111110011100101010001110001000000100101110010010100100011001001110010111111101110110100110100000101111011100010110110011101000010100100111101101010110001010100000011110111011001110001111001110001001011110010110100111000011001011001110100111101111011000010110101000001110010001001010101010011110101010011011001111110111010100100100010101100110110011100001111111100000000000100001101000000000100000001010011100000011111111101101010101111011110110000010010001100110000010000111011010110100111001110000110001110000101100000001100100010010101001010110111010010000101011101101000100001111011100111110010000110111001000110101111011001111110101010010010000000111001001011110
775,1.343225806451613,1.3741935483870968,1.284516129032258,0.20645161290322633,0001110001110110000010011001000110110001010101111000011000010010000010101000011111100111001000100001100110011011111010001111001111111101010100001011101110010011100100011100011101000001111111110101001110011100110001000111101100101111011111011001000111110110010101100001101101111001111011000010001110111011111001100011000101010000101110111000111000100010010111101001000100101111111001100000110000011110100100000000101110110011011101110010011111010101100100101110000011000100011100010101100110010010001100011001110000011111111001011001010110000000000110100110000010100000011111001101100110001010001011001011011110110010110100011010010011010000001000010011011001001100111100010101011110001010011010011011101001110110001111100111010111110111010011010011101000111101011111101010111,1101110011100001101101101011111010111011101100011011100010110110000011000101101001000001111101110011111110011100101010001110001000000100101110010010100100011001001110010111111101110110100110100000101111011100010110110011101000010100100111101101010110001010100000011110111011001110001111001110001001011110010110100111000011001011001110100111101111011000010110101000001110010001001010101010011110101010011011001111110111010100100100010101100110110011100001111111100000000000100001101000000000100000001010011100000011111111101101010101111011110110000010010001100110000010000111011010110100111001110000110001110000101100000001100100010010101001010110111010010000101011101101000100001111011100111110010000110111001000110101111011001111110101010010010000000111001001011110110010111
784,1.3482142857142858,1.3686224489795917,1.2984693877551021,0.19642857142857162,0001110001110110000010011001000110110001010101111000011000010010000010101000011111100111001000100001100110011011111010001111001111111101010100001011101110010011100100011100011101000001111111110101001110011100110001000111101100101111011111011001000111110110010101100001101101111001111011000010001110111011111001100011000101010000101110111000111000100010010111101001000100101111111001100000110000011110100100000000101110110011011101110010011111010101100100101110000011000100011100010101100110010010001100011001110000011111111001011001010110000000000110100110000010100000011111001101100110001010001011001011011110110010110100011010010011010000001000010011011001001100111100010101011110001010011010011011101001110110001111100111010111110111010011010011101000111101011111101010111001101011,1101110011100001101101101011111010111011101100011011100010110110000011000101101001000001111101110011111110011100101010001110001000000100101110010010100100011001001110010111111101110110100110100000101111011100010110110011101000010100100111101101010110001010100000011110111011001110001111001110001001011110010110100111000011001011001110100111101111011000010110101000001110010001001010101010011110101010011011001111110111010100100100010101100110110011100001111111100000000000100001101000000000100000001010011100000011111111101101010101111011110110000010010001100110000010000111011010110100111001110000110001110000101100000001100100010010101001010110111010010000101011101101000100001111011100111110010000110111001000110101111011001111110101010010010000000111001001011110110010111110110100
793,1.3430012610340478,1.3631778058007566,1.2950819672131149,0.20050441361916782,0001110001110110000010011001000110110001010101111000011000010010000010101000011111100111001000100001100110011011111010001111001111111101010100001011101110010011100100011100011101000001111111110101001110011100110001000111101100101111011111011001000111110110010101100001101101111001111011000010001110111011111001100011000101010000101110111000111000100010010111101001000100101111111001100000110000011110100100000000101110110011011101110010011111010101100100101110000011000100011100010101100110010010001100011001110000011111111001011001010110000000000110100110000010100000011111001101100110001010001011001011011110110010110100011010010011010000001000010011011001001100111100010101011110001010011010011011101001110110001111100111010111110111010011010011101000111101011111101010111001101011101011011,1101110011100001101101101011111010111011101100011011100010110110000011000101101001000001111101110011111110011100101010001110001000000100101110010010100100011001001110010111111101110110100110100000101111011100010110110011101000010100100111101101010110001010100000011110111011001110001111001110001001011110010110100111000011001011001110100111101111011000010110101000001110010001001010101010011110101010011011001111110111010100100100010101100110110011100001111111100000000000100001101000000000100000001010011100000011111111101101010101111011110110000010010001100110000010000111011010110100111001110000110001110000101100000001100100010010101001010110111010010000101011101101000100001111011100111110010000110111001000110101111011001111110101010010010000000111001001011110110010111110110100000000010
802,1.3478802992518704,1.3678304239401495,1.2973815461346634,0.19950124688279258,0001110001110110000010011001000110110001010101111000011000010010000010101000011111100111001000100001100110011011111010001111001111111101010100001011101110010011100100011100011101000001111111110101001110011100110001000111101100101111011111011001000111110110010101100001101101111001111011000010001110111011111001100011000101010000101110111000111000100010010111101001000100101111111001100000110000011110100100000000101110110011011101110010011111010101100100101110000011000100011100010101100110010010001100011001110000011111111001011001010110000000000110100110000010100000011111001101100110001010001011001011011110110010110100011010010011010000001000010011011001001100111100010101011110001010011010011011101001110110001111100111010111110111010011010011101000111101011111101010111001101011101011011101000001,1101110011100001101101101011111010111011101100011011100010110110000011000101101001000001111101110011111110011100101010001110001000000100101110010010100100011001001110010111111101110110100110100000101111011100010110110011101000010100100111101101010110001010100000011110111011001110001111001110001001011110010110100111000011001011001110100111101111011000010110101000001110010001001010101010011110101010011011001111110111010100100100010101100110110011100001111111100000000000100001101000000000100000001010011100000011111111101101010101111011110110000010010001100110000010000111011010110100111001110000110001110000101100000001100100010010101001010110111010010000101011101101000100001111011100111110010000110111001000110101111011001111110101010010010000000111001001011110110010111110110100000000010010000010
811,1.342786683107275,1.3625154130702837,1.2996300863131935,0.1923551171393343,0001110001110110000010011001000110110001010101111000011000010010000010101000011111100111001000100001100110011011111010001111001111111101010100001011101110010011100100011100011101000001111111110101001110011100110001000111101100101111011111011001000111110110010101100001101101111001111011000010001110111011111001100011000101010000101110111000111000100010010111101001000100101111111001100000110000011110100100000000101110110011011101110010011111010101100100101110000011000100011100010101100110010010001100011001110000011111111001011001010110000000000110100110000010100000011111001101100110001010001011001011011110110010110100011010010011010000001000010011011001001100111100010101011110001010011010011011101001110110001111100111010111110111010011010011101000111101011111101010111001101011101011011101000001110001000,1101110011100001101101101011111010111011101100011011100010110110000011000101101001000001111101110011111110011100101010001110001000000100101110010010100100011001001110010111111101110110100110100000101111011100010110110011101000010100100111101101010110001010100000011110111011001110001111001110001001011110010110100111000011001011001110100111101111011000010110101000001110010001001010101010011110101010011011001111110111010100100100010101100110110011100001111111100000000000100001101000000000100000001010011100000011111111101101010101111011110110000010010001100110000010000111011010110100111001110000110001110000101100000001100100010010101001010110111010010000101011101101000100001111011100111110010000110111001000110101111011001111110101010010010000000111001001011110110010111110110100000000010010000010110011000
820,1.3378048780487806,1.3670731707317074,1.2908536585365853,0.19390243902439064,0001110001110110000010011001000110110001010101111000011000010010000010101000011111100111001000100001100110011011111010001111001111111101010100001011101110010011100100011100011101000001111111110101001110011100110001000111101100101111011111011001000111110110010101100001101101111001111011000010001110111011111001100011000101010000101110111000111000100010010111101001000100101111111001100000110000011110100100000000101110110011011101110010011111010101100100101110000011000100011100010101100110010010001100011001110000011111111001011001010110000000000110100110000010100000011111001101100110001010001011001011011110110010110100011010010011010000001000010011011001001100111100010101011110001010011010011011101001110110001111100111010111110111010011010011101000111101011111101010111001101011101011011101000001110001000000100010,1101110011100001101101101011111010111011101100011011100010110110000011000101101001000001111101110011111110011100101010001110001000000100101110010010100100011001001110010111111101110110100110100000101111011100010110110011101000010100100111101101010110001010100000011110111011001110001111001110001001011110010110100111000011001011001110100111101111011000010110101000001110010001001010101010011110101010011011001111110111010100100100010101100110110011100001111111100000000000100001101000000000100000001010011100000011111111101101010101111011110110000010010001100110000010000111011010110100111001110000110001110000101100000001100100010010101001010110111010010000101011101101000100001111011100111110010000110111001000110101111011001111110101010010010000000111001001011110110010111110110100000000010010000010110011000001110100
829,1.3425814234016888,1.3618817852834741,1.3039806996381182,0.18455971049457176,0001110001110110000010011001000110110001010101111000011000010010000010101000011111100111001000100001100110011011111010001111001111111101010100001011101110010011100100011100011101000001111111110101001110011100110001000111101100101111011111011001000111110110010101100001101101111001111011000010001110111011111001100011000101010000101110111000111000100010010111101001000100101111111001100000110000011110100100000000101110110011011101110010011111010101100100101110000011000100011100010101100110010010001100011001110000011111111001011001010110000000000110100110000010100000011111001101100110001010001011001011011110110010110100011010010011010000001000010011011001001100111100010101011110001010011010011011101001110110001111100111010111110111010011010011101000111101011111101010111001101011101011011101000001110001000000100010110001101,1101110011100001101101101011111010111011101100011011100010110110000011000101101001000001111101110011111110011100101010001110001000000100101110010010100100011001001110010111111101110110100110100000101111011100010110110011101000010100100111101101010110001010100000011110111011001110001111001110001001011110010110100111000011001011001110100111101111011000010110101000001110010001001010101010011110101010011011001111110111010100100100010101100110110011100001111111100000000000100001101000000000100000001010011100000011111111101101010101111011110110000010010001100110000010000111011010110100111001110000110001110000101100000001100100010010101001010110111010010000101011101101000100001111011100111110010000110111001000110101111011001111110101010010010000000111001001011110110010111110110100000000010010000010110011000001110100101011011
838,1.337708830548926,1.3568019093078758,1.2899761336515514,0.17780429594272062,0001110001110110000010011001000110110001010101111000011000010010000010101000011111100111001000100001100110011011111010001111001111111101010100001011101110010011100100011100011101000001111111110101001110011100110001000111101100101111011111011001000111110110010101100001101101111001111011000010001110111011111001100011000101010000101110111000111000100010010111101001000100101111111001100000110000011110100100000000101110110011011101110010011111010101100100101110000011000100011100010101100110010010001100011001110000011111111001011001010110000000000110100110000010100000011111001101100110001010001011001011011110110010110100011010010011010000001000010011011001001100111100010101011110001010011010011011101001110110001111100111010111110111010011010011101000111101011111101010111001101011101011011101000001110001000000100010110001101000000000,1101110011100001101101101011111010111011101100011011100010110110000011000101101001000001111101110011111110011100101010001110001000000100101110010010100100011001001110010111111101110110100110100000101111011100010110110011101000010100100111101101010110001010100000011110111011001110001111001110001001011110010110100111000011001011001110100111101111011000010110101000001110010001001010101010011110101010011011001111110111010100100100010101100110110011100001111111100000000000100001101000000000100000001010011100000011111111101101010101111011110110000010010001100110000010000111011010110100111001110000110001110000101100000001100100010010101001010110111010010000101011101101000100001111011100111110010000110111001000110101111011001111110101010010010000000111001001011110110010111110110100000000010010000010110011000001110100101011011111101111
847,1.3423848878394333,1.3612750885478158,1.2922077922077921,0.19834710743801676,0001110001110110000010011001000110110001010101111000011000010010000010101000011111100111001000100001100110011011111010001111001111111101010100001011101110010011100100011100011101000001111111110101001110011100110001000111101100101111011111011001000111110110010101100001101101111001111011000010001110111011111001100011000101010000101110111000111000100010010111101001000100101111111001100000110000011110100100000000101110110011011101110010011111010101100100101110000011000100011100010101100110010010001100011001110000011111111001011001010110000000000110100110000010100000011111001101100110001010001011001011011110110010110100011010010011010000001000010011011001001100111100010101011110001010011010011011101001110110001111100111010111110111010011010011101000111101011111101010111001101011101011011101000001110001000000100010110001101000000000001100111,1101110011100001101101101011111010111011101100011011100010110110000011000101101001000001111101110011111110011100101010001110001000000100101110010010100100011001001110010111111101110110100110100000101111011100010110110011101000010100100111101101010110001010100000011110111011001110001111001110001001011110010110100111000011001011001110100111101111011000010110101000001110010001001010101010011110101010011011001111110111010100100100010101100110110011100001111111100000000000100001101000000000100000001010011100000011111111101101010101111011110110000010010001100110000010000111011010110100111001110000110001110000101100000001100100010010101001010110111010010000101011101101000100001111011100111110010000110111001000110101111011001111110101010010010000000111001001011110110010111110110100000000010010000010110011000001110100101011011111101111000001010
856,1.3376168224299065,1.3563084112149533,1.2996495327102804,0.18107476635514042,0001110001110110000010011001000110110001010101111000011000010010000010101000011111100111001000100001100110011011111010001111001111111101010100001011101110010011100100011100011101000001111111110101001110011100110001000111101100101111011111011001000111110110010101100001101101111001111011000010001110111011111001100011000101010000101110111000111000100010010111101001000100101111111001100000110000011110100100000000101110110011011101110010011111010101100100101110000011000100011100010101100110010010001100011001110000011111111001011001010110000000000110100110000010100000011111001101100110001010001011001011011110110010110100011010010011010000001000010011011001001100111100010101011110001010011010011011101001110110001111100111010111110111010011010011101000111101011111101010111001101011101011011101000001110001000000100010110001101000000000001100111001101100,1101110011100001101101101011111010111011101100011011100010110110000011000101101001000001111101110011111110011100101010001110001000000100101110010010100100011001001110010111111101110110100110100000101111011100010110110011101000010100100111101101010110001010100000011110111011001110001111001110001001011110010110100111000011001011001110100111101111011000010110101000001110010001001010101010011110101010011011001111110111010100100100010101100110110011100001111111100000000000100001101000000000100000001010011100000011111111101101010101111011110110000010010001100110000010000111011010110100111001110000110001110000101100000001100100010010101001010110111010010000101011101101000100001111011100111110010000110111001000110101111011001111110101010010010000000111001001011110110010111110110100000000010010000010110011000001110100101011011111101111000001010001101001
865,1.3421965317919076,1.3606936416184972,1.306936416184971,0.19075144508670538,0001110001110110000010011001000110110001010101111000011000010010000010101000011111100111001000100001100110011011111010001111001111111101010100001011101110010011100100011100011101000001111111110101001110011100110001000111101100101111011111011001000111110110010101100001101101111001111011000010001110111011111001100011000101010000101110111000111000100010010111101001000100101111111001100000110000011110100100000000101110110011011101110010011111010101100100101110000011000100011100010101100110010010001100011001110000011111111001011001010110000000000110100110000010100000011111001101100110001010001011001011011110110010110100011010010011010000001000010011011001001100111100010101011110001010011010011011101001110110001111100111010111110111010011010011101000111101011111101010111001101011101011011101000001110001000000100010110001101000000000001100111001101100010110100,1101110011100001101101101011111010111011101100011011100010110110000011000101101001000001111101110011111110011100101010001110001000000100101110010010100100011001001110010111111101110110100110100000101111011100010110110011101000010100100111101101010110001010100000011110111011001110001111001110001001011110010110100111000011001011001110100111101111011000010110101000001110010001001010101010011110101010011011001111110111010100100100010101100110110011100001111111100000000000100001101000000000100000001010011100000011111111101101010101111011110110000010010001100110000010000111011010110100111001110000110001110000101100000001100100010010101001010110111010010000101011101101000100001111011100111110010000110111001000110101111011001111110101010010010000000111001001011110110010111110110100000000010010000010110011000001110100101011011111101111000001010001101001000111011
874,1.337528604118993,1.3558352402745995,1.2986270022883295,0.17391304347826075,0001110001110110000010011001000110110001010101111000011000010010000010101000011111100111001000100001100110011011111010001111001111111101010100001011101110010011100100011100011101000001111111110101001110011100110001000111101100101111011111011001000111110110010101100001101101111001111011000010001110111011111001100011000101010000101110111000111000100010010111101001000100101111111001100000110000011110100100000000101110110011011101110010011111010101100100101110000011000100011100010101100110010010001100011001110000011111111001011001010110000000000110100110000010100000011111001101100110001010001011001011011110110010110100011010010011010000001000010011011001001100111100010101011110001010011010011011101001110110001111100111010111110111010011010011101000111101011111101010111001101011101011011101000001110001000000100010110001101000000000001100111001101100010110100001101000,1101110011100001101101101011111010111011101100011011100010110110000011000101101001000001111101110011111110011100101010001110001000000100101110010010100100011001001110010111111101110110100110100000101111011100010110110011101000010100100111101101010110001010100000011110111011001110001111001110001001011110010110100111000011001011001110100111101111011000010110101000001110010001001010101010011110101010011011001111110111010100100100010101100110110011100001111111100000000000100001101000000000100000001010011100000011111111101101010101111011110110000010010001100110000010000111011010110100111001110000110001110000101100000001100100010010101001010110111010010000101011101101000100001111011100111110010000110111001000110101111011001111110101010010010000000111001001011110110010111110110100000000010010000010110011000001110100101011011111101111000001010001101001000111011111101101
883,1.3420158550396375,1.3601359003397508,1.2955832389580975,0.18346545866364616,0001110001110110000010011001000110110001010101111000011000010010000010101000011111100111001000100001100110011011111010001111001111111101010100001011101110010011100100011100011101000001111111110101001110011100110001000111101100101111011111011001000111110110010101100001101101111001111011000010001110111011111001100011000101010000101110111000111000100010010111101001000100101111111001100000110000011110100100000000101110110011011101110010011111010101100100101110000011000100011100010101100110010010001100011001110000011111111001011001010110000000000110100110000010100000011111001101100110001010001011001011011110110010110100011010010011010000001000010011011001001100111100010101011110001010011010011011101001110110001111100111010111110111010011010011101000111101011111101010111001101011101011011101000001110001000000100010110001101000000000001100111001101100010110100001101000011000010,1101110011100001101101101011111010111011101100011011100010110110000011000101101001000001111101110011111110011100101010001110001000000100101110010010100100011001001110010111111101110110100110100000101111011100010110110011101000010100100111101101010110001010100000011110111011001110001111001110001001011110010110100111000011001011001110100111101111011000010110101000001110010001001010101010011110101010011011001111110111010100100100010101100110110011100001111111100000000000100001101000000000100000001010011100000011111111101101010101111011110110000010010001100110000010000111011010110100111001110000110001110000101100000001100100010010101001010110111010010000101011101101000100001111011100111110010000110111001000110101111011001111110101010010010000000111001001011110110010111110110100000000010010000010110011000001110100101011011111101111000001010001101001000111011111101101100010001
892,1.3374439461883407,1.3553811659192825,1.2976457399103138,0.17713004484304928,0001110001110110000010011001000110110001010101111000011000010010000010101000011111100111001000100001100110011011111010001111001111111101010100001011101110010011100100011100011101000001111111110101001110011100110001000111101100101111011111011001000111110110010101100001101101111001111011000010001110111011111001100011000101010000101110111000111000100010010111101001000100101111111001100000110000011110100100000000101110110011011101110010011111010101100100101110000011000100011100010101100110010010001100011001110000011111111001011001010110000000000110100110000010100000011111001101100110001010001011001011011110110010110100011010010011010000001000010011011001001100111100010101011110001010011010011011101001110110001111100111010111110111010011010011101000111101011111101010111001101011101011011101000001110001000000100010110001101000000000001100111001101100010110100001101000011000010011111011,1101110011100001101101101011111010111011101100011011100010110110000011000101101001000001111101110011111110011100101010001110001000000100101110010010100100011001001110010111111101110110100110100000101111011100010110110011101000010100100111101101010110001010100000011110111011001110001111001110001001011110010110100111000011001011001110100111101111011000010110101000001110010001001010101010011110101010011011001111110111010100100100010101100110110011100001111111100000000000100001101000000000100000001010011100000011111111101101010101111011110110000010010001100110000010000111011010110100111001110000110001110000101100000001100100010010101001010110111010010000101011101101000100001111011100111110010000110111001000110101111011001111110101010010010000000111001001011110110010111110110100000000010010000010110011000001110100101011011111101111000001010001101001000111011111101101100010001010011000
901,1.332963374028857,1.3596004439511653,1.299667036625971,0.178690344062153,0001110001110110000010011001000110110001010101111000011000010010000010101000011111100111001000100001100110011011111010001111001111111101010100001011101110010011100100011100011101000001111111110101001110011100110001000111101100101111011111011001000111110110010101100001101101111001111011000010001110111011111001100011000101010000101110111000111000100010010111101001000100101111111001100000110000011110100100000000101110110011011101110010011111010101100100101110000011000100011100010101100110010010001100011001110000011111111001011001010110000000000110100110000010100000011111001101100110001010001011001011011110110010110100011010010011010000001000010011011001001100111100010101011110001010011010011011101001110110001111100111010111110111010011010011101000111101011111101010111001101011101011011101000001110001000000100010110001101000000000001100111001101100010110100001101000011000010011111011001000000,1101110011100001101101101011111010111011101100011011100010110110000011000101101001000001111101110011111110011100101010001110001000000100101110010010100100011001001110010111111101110110100110100000101111011100010110110011101000010100100111101101010110001010100000011110111011001110001111001110001001011110010110100111000011001011001110100111101111011000010110101000001110010001001010101010011110101010011011001111110111010100100100010101100110110011100001111111100000000000100001101000000000100000001010011100000011111111101101010101111011110110000010010001100110000010000111011010110100111001110000110001110000101100000001100100010010101001010110111010010000101011101101000100001111011100111110010000110111001000110101111011001111110101010010010000000111001001011110110010111110110100000000010010000010110011000001110100101011011111101111000001010001101001000111011111101101100010001010011000100111101
